{
    "results": {
        "tool": {
            "name": "pytest",
            "version": "8.4.1"
        },
        "summary": {
            "tests": 2,
            "passed": 2,
            "failed": 0,
            "skipped": 0,
            "pending": 0,
            "other": 0,
            "start": 1775104150.8660605,
            "stop": 1775104150.8749976
        },
        "tests": [
            {
                "name": "test_outputs.py::test_output_file_exists",
                "status": "passed",
                "duration": 0.00025376584380865097,
                "start": 1775104150.8741596,
                "stop": 1775104150.874533,
                "retries": 0,
                "file_path": "test_outputs.py"
            },
            {
                "name": "test_outputs.py::test_output_is_correct",
                "status": "passed",
                "duration": 0.00020642601884901524,
                "start": 1775104150.8746367,
                "stop": 1775104150.8749063,
                "retries": 0,
                "file_path": "test_outputs.py"
            }
        ]
    }
}