{
    "results": {
        "tool": {
            "name": "pytest",
            "version": "8.4.1"
        },
        "summary": {
            "tests": 2,
            "passed": 2,
            "failed": 0,
            "skipped": 0,
            "pending": 0,
            "other": 0,
            "start": 1775107368.0015094,
            "stop": 1775107368.0486293
        },
        "tests": [
            {
                "name": "test_outputs.py::test_about_file",
                "status": "passed",
                "duration": 0.00038255308754742146,
                "start": 1775107368.0475724,
                "stop": 1775107368.0481164,
                "retries": 0,
                "file_path": "test_outputs.py"
            },
            {
                "name": "test_outputs.py::test_layout_file",
                "status": "passed",
                "duration": 0.00023357500322163105,
                "start": 1775107368.048232,
                "stop": 1775107368.0485353,
                "retries": 0,
                "file_path": "test_outputs.py"
            }
        ]
    }
}