{
    "results": {
        "tool": {
            "name": "pytest",
            "version": "8.4.1"
        },
        "summary": {
            "tests": 2,
            "passed": 2,
            "failed": 0,
            "skipped": 0,
            "pending": 0,
            "other": 0,
            "start": 1775102856.9167209,
            "stop": 1775102856.9598832
        },
        "tests": [
            {
                "name": "test_outputs.py::test_about_file",
                "status": "passed",
                "duration": 0.00033851293846964836,
                "start": 1775102856.9589338,
                "stop": 1775102856.9594133,
                "retries": 0,
                "file_path": "test_outputs.py"
            },
            {
                "name": "test_outputs.py::test_layout_file",
                "status": "passed",
                "duration": 0.00021476601250469685,
                "start": 1775102856.9595172,
                "stop": 1775102856.9597971,
                "retries": 0,
                "file_path": "test_outputs.py"
            }
        ]
    }
}