{
    "results": {
        "tool": {
            "name": "pytest",
            "version": "8.4.1"
        },
        "summary": {
            "tests": 1,
            "passed": 1,
            "failed": 0,
            "skipped": 0,
            "pending": 0,
            "other": 0,
            "start": 1775105423.7114089,
            "stop": 1775105424.5804758
        },
        "tests": [
            {
                "name": "test_outputs.py::test_api",
                "status": "passed",
                "duration": 0.8575044330209494,
                "start": 1775105423.7224293,
                "stop": 1775105424.5803084,
                "retries": 0,
                "file_path": "test_outputs.py"
            }
        ]
    }
}